timestamp,runType,algorithm,baseFile,batchesAdded,transactionsBefore,transactionsAfter,batchFiles,minSup,maximalCount,runtimeMs
2026-05-06 23:22:16,static,uapriori,retail_uncertain_1000.txt,0,0,1000,-,0.0500,6,32
2026-05-06 23:22:16,static,uhmine,retail_uncertain_1000.txt,0,0,1000,-,0.0500,6,45
2026-05-06 23:22:16,static,aco,retail_uncertain_1000.txt,0,0,1000,-,0.0500,5,150
2026-05-06 23:22:17,static,uapriori,retail_uncertain_5000.txt,0,0,5000,-,0.0500,4,101
2026-05-06 23:22:17,static,uhmine,retail_uncertain_5000.txt,0,0,5000,-,0.0500,4,211
2026-05-06 23:22:18,static,aco,retail_uncertain_5000.txt,0,0,5000,-,0.0500,2,577
2026-05-06 23:22:18,static,uapriori,retail_uncertain_10000.txt,0,0,10000,-,0.0500,6,103
2026-05-06 23:22:19,static,uhmine,retail_uncertain_10000.txt,0,0,10000,-,0.0500,6,151
2026-05-06 23:22:20,static,aco,retail_uncertain_10000.txt,0,0,10000,-,0.0500,5,1056
2026-05-06 23:22:21,static,uapriori,retail_uncertain.txt,0,0,88162,-,0.0500,7,369
2026-05-06 23:22:22,static,uhmine,retail_uncertain.txt,0,0,88162,-,0.0500,7,856
2026-05-06 23:22:23,static,aco,retail_uncertain.txt,0,0,88162,-,0.0500,4,12435
2026-05-06 23:22:24,static,uapriori,retail_uncertain_5000.txt,0,0,5000,-,0.0500,4,127
2026-05-06 23:22:24,static,uhmine,retail_uncertain_5000.txt,0,0,5000,-,0.0500,4,119
2026-05-06 23:22:25,static,aco,retail_uncertain_5000.txt,0,0,5000,-,0.0500,2,514
2026-05-06 23:22:25,dynamic,uapriori,db_5000.state,1,5000,6000,retail_uncertain_1000.txt,0.0500,6,66
2026-05-06 23:22:25,dynamic,uhmine,db_5000.state,1,5000,6000,retail_uncertain_1000.txt,0.0500,6,107
2026-05-06 23:22:26,dynamic,aco,db_5000.state,1,5000,6000,retail_uncertain_1000.txt,0.0500,4,692
2026-05-06 23:22:27,dynamic,uapriori,db_6000.state,1,6000,16000,retail_uncertain_10000.txt,0.0500,5,103
2026-05-06 23:22:27,dynamic,uhmine,db_6000.state,1,6000,16000,retail_uncertain_10000.txt,0.0500,5,206
2026-05-06 23:22:29,dynamic,aco,db_6000.state,1,6000,16000,retail_uncertain_10000.txt,0.0500,5,1657
2026-05-06 23:22:30,static,aco,retail_uncertain_5000.txt,0,0,5000,-,0.0500,1,159
2026-05-06 23:22:30,static,aco,retail_uncertain_5000.txt,0,0,5000,-,0.0500,2,534
2026-05-06 23:22:32,static,aco,retail_uncertain_5000.txt,0,0,5000,-,0.0500,3,1880
2026-05-06 23:22:35,static,aco,retail_uncertain.txt,0,0,88162,-,0.0500,4,12642
2026-05-06 23:22:36,static,uapriori,retail_uncertain_5000.txt,0,0,5000,-,0.0500,4,92
2026-05-06 23:22:36,static,uhmine,retail_uncertain_5000.txt,0,0,5000,-,0.0500,4,120
2026-05-06 23:22:37,static,aco,retail_uncertain_5000.txt,0,0,5000,-,0.0500,2,560
2026-05-06 23:22:37,dynamic,uapriori,db_5000.state,1,5000,6000,retail_uncertain_1000.txt,0.0500,6,67
2026-05-06 23:22:38,dynamic,uhmine,db_5000.state,1,5000,6000,retail_uncertain_1000.txt,0.0500,6,128
2026-05-06 23:22:39,dynamic,aco,db_5000.state,1,5000,6000,retail_uncertain_1000.txt,0.0500,4,692
2026-05-06 23:22:39,dynamic,uapriori,db_6000.state,1,6000,16000,retail_uncertain_10000.txt,0.0500,5,114
2026-05-06 23:22:40,dynamic,uhmine,db_6000.state,1,6000,16000,retail_uncertain_10000.txt,0.0500,5,190
2026-05-06 23:22:40,static,aco,retail_uncertain_5000.txt,0,0,5000,-,0.0500,4,7495
2026-05-06 23:22:42,dynamic,aco,db_6000.state,1,6000,16000,retail_uncertain_10000.txt,0.0500,5,1666
2026-05-06 23:22:42,static,aco,retail_uncertain_5000.txt,0,0,5000,-,0.0500,1,176
2026-05-06 23:22:43,static,aco,retail_uncertain_5000.txt,0,0,5000,-,0.0500,2,560
2026-05-06 23:22:45,static,aco,retail_uncertain_5000.txt,0,0,5000,-,0.0500,3,2096
2026-05-06 23:22:50,static,uapriori,retail_uncertain.txt,0,0,88162,-,0.0100,49,9327
2026-05-06 23:22:51,static,uapriori,retail_uncertain.txt,0,0,88162,-,0.0500,7,346
2026-05-06 23:22:52,static,uapriori,retail_uncertain.txt,0,0,88162,-,0.1000,4,299
2026-05-06 23:22:52,static,uapriori,retail_uncertain.txt,0,0,88162,-,0.2000,2,170
2026-05-06 23:22:52,static,aco,retail_uncertain_5000.txt,0,0,5000,-,0.0500,4,7141
2026-05-06 23:22:54,static,uhmine,retail_uncertain.txt,0,0,88162,-,0.0100,49,1096
2026-05-06 23:22:55,static,uhmine,retail_uncertain.txt,0,0,88162,-,0.0500,7,713
2026-05-06 23:22:56,static,uhmine,retail_uncertain.txt,0,0,88162,-,0.1000,4,830
2026-05-06 23:22:58,static,uhmine,retail_uncertain.txt,0,0,88162,-,0.2000,2,770
2026-05-06 23:23:02,static,uapriori,retail_uncertain.txt,0,0,88162,-,0.0100,49,9002
2026-05-06 23:23:03,static,uapriori,retail_uncertain.txt,0,0,88162,-,0.0500,7,378
2026-05-06 23:23:04,static,uapriori,retail_uncertain.txt,0,0,88162,-,0.1000,4,303
2026-05-06 23:23:04,static,uapriori,retail_uncertain.txt,0,0,88162,-,0.2000,2,175
2026-05-06 23:23:06,static,uhmine,retail_uncertain.txt,0,0,88162,-,0.0100,49,1134
2026-05-06 23:23:07,static,uhmine,retail_uncertain.txt,0,0,88162,-,0.0500,7,755
2026-05-06 23:23:08,static,uhmine,retail_uncertain.txt,0,0,88162,-,0.1000,4,738
2026-05-06 23:23:10,static,uhmine,retail_uncertain.txt,0,0,88162,-,0.2000,2,679
2026-05-06 23:23:15,static,aco,retail_uncertain.txt,0,0,88162,-,0.0100,9,16475
2026-05-06 23:23:26,static,aco,retail_uncertain.txt,0,0,88162,-,0.0100,9,16276
2026-05-06 23:23:27,static,aco,retail_uncertain.txt,0,0,88162,-,0.0500,4,12135
2026-05-06 23:23:40,static,aco,retail_uncertain.txt,0,0,88162,-,0.0500,4,12779
2026-05-06 23:23:41,static,aco,retail_uncertain.txt,0,0,88162,-,0.1000,1,12691
2026-05-06 23:23:50,static,aco,retail_uncertain.txt,0,0,88162,-,0.1000,1,10157
